{
    "train_loss": [
        0.47624085918068887,
        0.4372000013291836,
        0.41544305086135863,
        0.40662729650735857,
        0.39469275146722793,
        0.3960987329483032,
        0.3892616672813892,
        0.381888982206583,
        0.38098159193992615,
        0.37786288529634476,
        0.36887778595089915,
        0.36773301601409913,
        0.36780464470386504,
        0.36087302923202513,
        0.36334828928112983,
        0.35200491510331633,
        0.3583409766852856,
        0.35671317890286447,
        0.35118989408016205,
        0.3524584683775902,
        0.34927256509661675,
        0.3518456497788429,
        0.3462772753834724,
        0.34933215215802194,
        0.3439153325557709,
        0.3411909098178148,
        0.33636572122573855,
        0.3427432943880558,
        0.33935141786932943,
        0.336501182615757,
        0.34289791479706766,
        0.3367981374263763,
        0.3328063636273146,
        0.3342371824383736,
        0.3317313238978386,
        0.3239997734129429,
        0.3307558676600456,
        0.32875458501279353,
        0.32673720762133596,
        0.3285923777520657,
        0.3244441092759371,
        0.3233828038722277,
        0.32332253843545916,
        0.3195658994466066,
        0.3249440447986126,
        0.31661908827722074,
        0.3222561515122652,
        0.31045822948217394,
        0.3194125670194626,
        0.3150241495668888
    ],
    "val_loss": [
        0.46100742565958125,
        0.4256797087819953,
        0.4207944179836072,
        0.3878084687810195,
        0.41378261854774073,
        0.41370078607609395,
        0.3930428467298809,
        0.392378054167095,
        0.40665017931084885,
        0.40385850479728297,
        0.38537870112218353,
        0.38221134480677155,
        0.3700399743883233,
        0.4045212645279734,
        0.38252239478261846,
        0.3948101573868802,
        0.39003875537922506,
        0.39389550215319585,
        0.36920898368484095,
        0.3681463803115644,
        0.3911706083699277,
        0.37663855207593816,
        0.3559407678089644,
        0.37458134638635737,
        0.38264983735586466,
        0.39054365377677114,
        0.3940577977582028,
        0.3721434442620528,
        0.38374622558292587,
        0.399197214528134,
        0.4291990179764597,
        0.37485269810024063,
        0.38387447595596313,
        0.40381525064769547,
        0.37947570650201096,
        0.3725540685026269,
        0.3626237276353334,
        0.36834197138485153,
        0.3833163537477192,
        0.3824708885268161,
        0.3657124952266091,
        0.38500105864123296,
        0.371636848700674,
        0.3717764490529111,
        0.35285242843000514,
        0.3662237917122088,
        0.38615996272940384,
        0.399424976424167,
        0.37907770903486954,
        0.33093814787111786
    ],
    "epochs": [
        1,
        2,
        3,
        4,
        5,
        6,
        7,
        8,
        9,
        10,
        11,
        12,
        13,
        14,
        15,
        16,
        17,
        18,
        19,
        20,
        21,
        22,
        23,
        24,
        25,
        26,
        27,
        28,
        29,
        30,
        31,
        32,
        33,
        34,
        35,
        36,
        37,
        38,
        39,
        40,
        41,
        42,
        43,
        44,
        45,
        46,
        47,
        48,
        49,
        50
    ]
}