{
    "train_loss": [
        0.47051737904548646,
        0.4301107358932495,
        0.41233363330364226,
        0.40014513581991196,
        0.4006542906165123,
        0.3897847770154476,
        0.38442270740866663,
        0.38385783493518827,
        0.3734064151346683,
        0.36928032591938975
    ],
    "val_loss": [
        0.4447876418891706,
        0.4370774203225186,
        0.41260536250315216,
        0.4221446874894594,
        0.3960061904631163,
        0.39709147810935974,
        0.3924350832637988,
        0.4084626106839431,
        0.39928646777805527,
        0.4158787758726823
    ],
    "epochs": [
        1,
        2,
        3,
        4,
        5,
        6,
        7,
        8,
        9,
        10
    ]
}